<project>
  <size>
    <width>700</width>
    <height>430</height>
    <donotcrop>True</donotcrop>
    <donotstretch>True</donotstretch>
    <donotcropthumbnail>True</donotcropthumbnail>
    <transparent>False</transparent>
    <imagefillcolor>FFFFFF</imagefillcolor>
  </size>
  <slidelist>
    <slide>
      <type>0</type>
      <originalimage>C:\Users\oceano\Desktop\escudo\shield\aiquile_escudo.jpg</originalimage>
      <image>buackup.xml_files\aiquile_escudo.jpg</image>
      <size>10542</size>
      <date>2017-03-20 21-48-10</date>
      <title>Aiquile</title>
      <description />
      <button />
      <buttonstyle>as-btn-white-large</buttonstyle>
      <buttonlink>enlacemunicipios\sliderMapas</buttonlink>
      <buttonlinktarget>_blank</buttonlinktarget>
      <link />
      <target />
      <videolist />
      <openinlightbox>False</openinlightbox>
      <setlightboxsize>False</setlightboxsize>
      <lightboxwidth>960</lightboxwidth>
      <lightboxheight>720</lightboxheight>
      <currentinlightbox>False</currentinlightbox>
      <settexteffect>False</settexteffect>
      <texteffect>Center text</texteffect>
      <setduration>False</setduration>
      <duration>5000</duration>
    </slide>
    <slide>
      <type>0</type>
      <originalimage>C:\Users\oceano\Desktop\escudo\shield\alalay_escudo.jpg</originalimage>
      <image>buackup.xml_files\alalay_escudo.jpg</image>
      <size>5970</size>
      <date>2016-05-03 23-06-00</date>
      <title>Alalay</title>
      <description />
      <button />
      <buttonstyle>as-btn-blue-medium</buttonstyle>
      <buttonlink>enlacemunicipios\sliderMapas</buttonlink>
      <buttonlinktarget>_blank</buttonlinktarget>
      <link />
      <target />
      <videolist />
      <openinlightbox>False</openinlightbox>
      <setlightboxsize>False</setlightboxsize>
      <lightboxwidth>960</lightboxwidth>
      <lightboxheight>720</lightboxheight>
      <currentinlightbox>False</currentinlightbox>
      <settexteffect>False</settexteffect>
      <texteffect />
      <setduration>False</setduration>
      <duration>5000</duration>
    </slide>
    <slide>
      <type>0</type>
      <originalimage>C:\Users\oceano\Desktop\escudo\shield\anzaldo_escudo.jpg</originalimage>
      <image>buackup.xml_files\anzaldo_escudo.jpg</image>
      <size>5847</size>
      <date>2016-05-03 23-07-16</date>
      <title>Anzaldo</title>
      <description />
      <button />
      <buttonstyle>as-btn-blue-medium</buttonstyle>
      <buttonlink>enlacemunicipios\sliderMapas</buttonlink>
      <buttonlinktarget>_blank</buttonlinktarget>
      <link />
      <target />
      <videolist />
      <openinlightbox>False</openinlightbox>
      <setlightboxsize>False</setlightboxsize>
      <lightboxwidth>960</lightboxwidth>
      <lightboxheight>720</lightboxheight>
      <currentinlightbox>False</currentinlightbox>
      <settexteffect>False</settexteffect>
      <texteffect />
      <setduration>False</setduration>
      <duration>5000</duration>
    </slide>
    <slide>
      <type>0</type>
      <originalimage>C:\Users\oceano\Desktop\escudo\shield\arani_escudo.jpg</originalimage>
      <image>buackup.xml_files\arani_escudo.jpg</image>
      <size>4697</size>
      <date>2016-05-03 23-08-28</date>
      <title>Arani</title>
      <description />
      <button />
      <buttonstyle>as-btn-blue-medium</buttonstyle>
      <buttonlink>enlacemunicipios\sliderMapas</buttonlink>
      <buttonlinktarget>_blank</buttonlinktarget>
      <link />
      <target />
      <videolist />
      <openinlightbox>False</openinlightbox>
      <setlightboxsize>False</setlightboxsize>
      <lightboxwidth>960</lightboxwidth>
      <lightboxheight>720</lightboxheight>
      <currentinlightbox>False</currentinlightbox>
      <settexteffect>False</settexteffect>
      <texteffect />
      <setduration>False</setduration>
      <duration>5000</duration>
    </slide>
    <slide>
      <type>0</type>
      <originalimage>C:\Users\oceano\Desktop\escudo\shield\arbieto_escudo.jpg</originalimage>
      <image>buackup.xml_files\arbieto_escudo.jpg</image>
      <size>9590</size>
      <date>2016-05-24 17-27-04</date>
      <title>Arbieto
</title>
      <description />
      <button />
      <buttonstyle>as-btn-blue-medium</buttonstyle>
      <buttonlink>enlacemunicipios\sliderMapas</buttonlink>
      <buttonlinktarget>_blank</buttonlinktarget>
      <link />
      <target />
      <videolist />
      <openinlightbox>False</openinlightbox>
      <setlightboxsize>False</setlightboxsize>
      <lightboxwidth>960</lightboxwidth>
      <lightboxheight>720</lightboxheight>
      <currentinlightbox>False</currentinlightbox>
      <settexteffect>False</settexteffect>
      <texteffect />
      <setduration>False</setduration>
      <duration>5000</duration>
    </slide>
    <slide>
      <type>0</type>
      <originalimage>C:\Users\oceano\Desktop\escudo\shield\arque_escudo.jpg</originalimage>
      <image>buackup.xml_files\arque_escudo.jpg</image>
      <size>7029</size>
      <date>2016-06-30 04-30-06</date>
      <title>Arque</title>
      <description />
      <button />
      <buttonstyle>as-btn-blue-medium</buttonstyle>
      <buttonlink>enlacemunicipios\sliderMapas</buttonlink>
      <buttonlinktarget>_blank</buttonlinktarget>
      <link />
      <target />
      <videolist />
      <openinlightbox>False</openinlightbox>
      <setlightboxsize>False</setlightboxsize>
      <lightboxwidth>960</lightboxwidth>
      <lightboxheight>720</lightboxheight>
      <currentinlightbox>False</currentinlightbox>
      <settexteffect>False</settexteffect>
      <texteffect />
      <setduration>False</setduration>
      <duration>5000</duration>
    </slide>
    <slide>
      <type>0</type>
      <originalimage>C:\Users\oceano\Desktop\escudo\shield\bolivar_escudo.jpg</originalimage>
      <image>buackup.xml_files\bolivar_escudo.jpg</image>
      <size>10758</size>
      <date>2017-03-13 21-39-45</date>
      <title>Bolivar</title>
      <description />
      <button />
      <buttonstyle>as-btn-blue-medium</buttonstyle>
      <buttonlink>enlacemunicipios\sliderMapas</buttonlink>
      <buttonlinktarget>_blank</buttonlinktarget>
      <link />
      <target />
      <videolist />
      <openinlightbox>False</openinlightbox>
      <setlightboxsize>False</setlightboxsize>
      <lightboxwidth>960</lightboxwidth>
      <lightboxheight>720</lightboxheight>
      <currentinlightbox>False</currentinlightbox>
      <settexteffect>False</settexteffect>
      <texteffect />
      <setduration>False</setduration>
      <duration>5000</duration>
    </slide>
    <slide>
      <type>0</type>
      <originalimage>C:\Users\oceano\Desktop\escudo\shield\capinota_escudo.jpg</originalimage>
      <image>buackup.xml_files\capinota_escudo.jpg</image>
      <size>10070</size>
      <date>2016-06-30 03-45-18</date>
      <title>Capinota</title>
      <description />
      <button />
      <buttonstyle>as-btn-blue-medium</buttonstyle>
      <buttonlink>enlacemunicipios\sliderMapas</buttonlink>
      <buttonlinktarget>_blank</buttonlinktarget>
      <link />
      <target />
      <videolist />
      <openinlightbox>False</openinlightbox>
      <setlightboxsize>False</setlightboxsize>
      <lightboxwidth>960</lightboxwidth>
      <lightboxheight>720</lightboxheight>
      <currentinlightbox>False</currentinlightbox>
      <settexteffect>False</settexteffect>
      <texteffect />
      <setduration>False</setduration>
      <duration>5000</duration>
    </slide>
    <slide>
      <type>0</type>
      <originalimage>C:\Users\oceano\Desktop\escudo\shield\cercado_escudo.jpg</originalimage>
      <image>buackup.xml_files\cercado_escudo.jpg</image>
      <size>7916</size>
      <date>2016-06-30 03-54-20</date>
      <title>Cercado</title>
      <description />
      <button />
      <buttonstyle>as-btn-blue-medium</buttonstyle>
      <buttonlink>enlacemunicipios\sliderMapas</buttonlink>
      <buttonlinktarget>_blank</buttonlinktarget>
      <link />
      <target />
      <videolist />
      <openinlightbox>False</openinlightbox>
      <setlightboxsize>False</setlightboxsize>
      <lightboxwidth>960</lightboxwidth>
      <lightboxheight>720</lightboxheight>
      <currentinlightbox>False</currentinlightbox>
      <settexteffect>False</settexteffect>
      <texteffect />
      <setduration>False</setduration>
      <duration>5000</duration>
    </slide>
    <slide>
      <type>0</type>
      <originalimage>C:\Users\oceano\Desktop\escudo\shield\chimore_escudo.jpg</originalimage>
      <image>buackup.xml_files\chimore_escudo.jpg</image>
      <size>8839</size>
      <date>2016-06-30 04-00-10</date>
      <title>Chimore</title>
      <description />
      <button />
      <buttonstyle>as-btn-blue-medium</buttonstyle>
      <buttonlink>enlacemunicipios\sliderMapas</buttonlink>
      <buttonlinktarget>_blank</buttonlinktarget>
      <link />
      <target />
      <videolist />
      <openinlightbox>False</openinlightbox>
      <setlightboxsize>False</setlightboxsize>
      <lightboxwidth>960</lightboxwidth>
      <lightboxheight>720</lightboxheight>
      <currentinlightbox>False</currentinlightbox>
      <settexteffect>False</settexteffect>
      <texteffect />
      <setduration>False</setduration>
      <duration>5000</duration>
    </slide>
    <slide>
      <type>0</type>
      <originalimage>C:\Users\oceano\Desktop\escudo\shield\cliza_escudo.jpg</originalimage>
      <image>buackup.xml_files\cliza_escudo.jpg</image>
      <size>9073</size>
      <date>2017-03-13 21-54-29</date>
      <title>Cliza</title>
      <description />
      <button />
      <buttonstyle>as-btn-blue-medium</buttonstyle>
      <buttonlink>enlacemunicipios\sliderMapas</buttonlink>
      <buttonlinktarget>_blank</buttonlinktarget>
      <link />
      <target />
      <videolist />
      <openinlightbox>False</openinlightbox>
      <setlightboxsize>False</setlightboxsize>
      <lightboxwidth>960</lightboxwidth>
      <lightboxheight>720</lightboxheight>
      <currentinlightbox>False</currentinlightbox>
      <settexteffect>False</settexteffect>
      <texteffect />
      <setduration>False</setduration>
      <duration>5000</duration>
    </slide>
    <slide>
      <type>0</type>
      <originalimage>C:\Users\oceano\Desktop\escudo\shield\cocapata_escudo.jpg</originalimage>
      <image>buackup.xml_files\cocapata_escudo.jpg</image>
      <size>9117</size>
      <date>2017-03-13 21-39-50</date>
      <title>Cocapata</title>
      <description />
      <button />
      <buttonstyle>as-btn-blue-medium</buttonstyle>
      <buttonlink>enlacemunicipios\sliderMapas</buttonlink>
      <buttonlinktarget>_blank</buttonlinktarget>
      <link />
      <target />
      <videolist />
      <openinlightbox>False</openinlightbox>
      <setlightboxsize>False</setlightboxsize>
      <lightboxwidth>960</lightboxwidth>
      <lightboxheight>720</lightboxheight>
      <currentinlightbox>False</currentinlightbox>
      <settexteffect>False</settexteffect>
      <texteffect />
      <setduration>False</setduration>
      <duration>5000</duration>
    </slide>
    <slide>
      <type>0</type>
      <originalimage>C:\Users\oceano\Desktop\escudo\shield\colcapirhua_escudo.jpg</originalimage>
      <image>buackup.xml_files\colcapirhua_escudo.jpg</image>
      <size>8322</size>
      <date>2016-06-30 05-40-58</date>
      <title>
Colcapirhua</title>
      <description />
      <button />
      <buttonstyle>as-btn-blue-medium</buttonstyle>
      <buttonlink>enlacemunicipios\sliderMapas</buttonlink>
      <buttonlinktarget>_blank</buttonlinktarget>
      <link />
      <target />
      <videolist />
      <openinlightbox>False</openinlightbox>
      <setlightboxsize>False</setlightboxsize>
      <lightboxwidth>960</lightboxwidth>
      <lightboxheight>720</lightboxheight>
      <currentinlightbox>False</currentinlightbox>
      <settexteffect>False</settexteffect>
      <texteffect />
      <setduration>False</setduration>
      <duration>5000</duration>
    </slide>
    <slide>
      <type>0</type>
      <originalimage>C:\Users\oceano\Desktop\escudo\shield\colomi_escudo.jpg</originalimage>
      <image>buackup.xml_files\colomi_escudo.jpg</image>
      <size>6513</size>
      <date>2018-12-15 09-09-09</date>
      <title>Colomi</title>
      <description />
      <button />
      <buttonstyle>as-btn-blue-medium</buttonstyle>
      <buttonlink>enlacemunicipios\sliderMapas</buttonlink>
      <buttonlinktarget>_blank</buttonlinktarget>
      <link />
      <target />
      <videolist />
      <openinlightbox>False</openinlightbox>
      <setlightboxsize>False</setlightboxsize>
      <lightboxwidth>960</lightboxwidth>
      <lightboxheight>720</lightboxheight>
      <currentinlightbox>False</currentinlightbox>
      <settexteffect>False</settexteffect>
      <texteffect />
      <setduration>False</setduration>
      <duration>5000</duration>
    </slide>
    <slide>
      <type>0</type>
      <originalimage>C:\Users\oceano\Desktop\escudo\shield\entrerios_escudo.jpg</originalimage>
      <image>buackup.xml_files\entrerios_escudo.jpg</image>
      <size>9762</size>
      <date>2016-06-30 05-47-54</date>
      <title>Entre Rios
</title>
      <description />
      <button />
      <buttonstyle>as-btn-blue-medium</buttonstyle>
      <buttonlink>enlacemunicipios\sliderMapas</buttonlink>
      <buttonlinktarget>_blank</buttonlinktarget>
      <link />
      <target />
      <videolist />
      <openinlightbox>False</openinlightbox>
      <setlightboxsize>False</setlightboxsize>
      <lightboxwidth>960</lightboxwidth>
      <lightboxheight>720</lightboxheight>
      <currentinlightbox>False</currentinlightbox>
      <settexteffect>False</settexteffect>
      <texteffect />
      <setduration>False</setduration>
      <duration>5000</duration>
    </slide>
    <slide>
      <type>0</type>
      <originalimage>C:\Users\oceano\Desktop\escudo\shield\independencia_escudo.jpg</originalimage>
      <image>buackup.xml_files\independencia_escudo.jpg</image>
      <size>6326</size>
      <date>2016-06-30 05-50-54</date>
      <title>Independencia</title>
      <description />
      <button />
      <buttonstyle>as-btn-blue-medium</buttonstyle>
      <buttonlink>enlacemunicipios\sliderMapas</buttonlink>
      <buttonlinktarget>_blank</buttonlinktarget>
      <link />
      <target />
      <videolist />
      <openinlightbox>False</openinlightbox>
      <setlightboxsize>False</setlightboxsize>
      <lightboxwidth>960</lightboxwidth>
      <lightboxheight>720</lightboxheight>
      <currentinlightbox>False</currentinlightbox>
      <settexteffect>False</settexteffect>
      <texteffect />
      <setduration>False</setduration>
      <duration>5000</duration>
    </slide>
    <slide>
      <type>0</type>
      <originalimage>C:\Users\oceano\Desktop\escudo\shield\mizque_escudo.jpg</originalimage>
      <image>buackup.xml_files\mizque_escudo.jpg</image>
      <size>9038</size>
      <date>2016-06-30 05-54-36</date>
      <title>Mizque</title>
      <description />
      <button />
      <buttonstyle>as-btn-blue-medium</buttonstyle>
      <buttonlink>enlacemunicipios\sliderMapas</buttonlink>
      <buttonlinktarget>_blank</buttonlinktarget>
      <link />
      <target />
      <videolist />
      <openinlightbox>False</openinlightbox>
      <setlightboxsize>False</setlightboxsize>
      <lightboxwidth>960</lightboxwidth>
      <lightboxheight>720</lightboxheight>
      <currentinlightbox>False</currentinlightbox>
      <settexteffect>False</settexteffect>
      <texteffect />
      <setduration>False</setduration>
      <duration>5000</duration>
    </slide>
    <slide>
      <type>0</type>
      <originalimage>C:\Users\oceano\Desktop\escudo\shield\morochata_escudo.jpg</originalimage>
      <image>buackup.xml_files\morochata_escudo.jpg</image>
      <size>6948</size>
      <date>2016-06-30 05-55-46</date>
      <title>Morochata</title>
      <description />
      <button />
      <buttonstyle>as-btn-blue-medium</buttonstyle>
      <buttonlink>enlacemunicipios\sliderMapas</buttonlink>
      <buttonlinktarget>_blank</buttonlinktarget>
      <link />
      <target />
      <videolist />
      <openinlightbox>False</openinlightbox>
      <setlightboxsize>False</setlightboxsize>
      <lightboxwidth>960</lightboxwidth>
      <lightboxheight>720</lightboxheight>
      <currentinlightbox>False</currentinlightbox>
      <settexteffect>False</settexteffect>
      <texteffect />
      <setduration>False</setduration>
      <duration>5000</duration>
    </slide>
    <slide>
      <type>0</type>
      <originalimage>C:\Users\oceano\Desktop\escudo\shield\omereque_escudo.jpg</originalimage>
      <image>buackup.xml_files\omereque_escudo.jpg</image>
      <size>8603</size>
      <date>2017-03-13 21-40-02</date>
      <title>Omereque</title>
      <description />
      <button />
      <buttonstyle>as-btn-blue-medium</buttonstyle>
      <buttonlink>enlacemunicipios\sliderMapas</buttonlink>
      <buttonlinktarget>_blank</buttonlinktarget>
      <link />
      <target />
      <videolist />
      <openinlightbox>False</openinlightbox>
      <setlightboxsize>False</setlightboxsize>
      <lightboxwidth>960</lightboxwidth>
      <lightboxheight>720</lightboxheight>
      <currentinlightbox>False</currentinlightbox>
      <settexteffect>False</settexteffect>
      <texteffect />
      <setduration>False</setduration>
      <duration>5000</duration>
    </slide>
    <slide>
      <type>0</type>
      <originalimage>C:\Users\oceano\Desktop\escudo\shield\pasorapa_escudo.jpg</originalimage>
      <image>buackup.xml_files\pasorapa_escudo.jpg</image>
      <size>9655</size>
      <date>2016-06-30 05-59-28</date>
      <title>Pasorapa</title>
      <description />
      <button />
      <buttonstyle>as-btn-blue-medium</buttonstyle>
      <buttonlink>enlacemunicipios\sliderMapas</buttonlink>
      <buttonlinktarget>_blank</buttonlinktarget>
      <link />
      <target />
      <videolist />
      <openinlightbox>False</openinlightbox>
      <setlightboxsize>False</setlightboxsize>
      <lightboxwidth>960</lightboxwidth>
      <lightboxheight>720</lightboxheight>
      <currentinlightbox>False</currentinlightbox>
      <settexteffect>False</settexteffect>
      <texteffect />
      <setduration>False</setduration>
      <duration>5000</duration>
    </slide>
    <slide>
      <type>0</type>
      <originalimage>C:\Users\oceano\Desktop\escudo\shield\pocona_escudo.jpg</originalimage>
      <image>buackup.xml_files\pocona_escudo.jpg</image>
      <size>6562</size>
      <date>2016-06-30 06-01-34</date>
      <title>Pocono</title>
      <description />
      <button />
      <buttonstyle>as-btn-blue-medium</buttonstyle>
      <buttonlink>enlacemunicipios\sliderMapas</buttonlink>
      <buttonlinktarget>_blank</buttonlinktarget>
      <link />
      <target />
      <videolist />
      <openinlightbox>False</openinlightbox>
      <setlightboxsize>False</setlightboxsize>
      <lightboxwidth>960</lightboxwidth>
      <lightboxheight>720</lightboxheight>
      <currentinlightbox>False</currentinlightbox>
      <settexteffect>False</settexteffect>
      <texteffect />
      <setduration>False</setduration>
      <duration>5000</duration>
    </slide>
    <slide>
      <type>0</type>
      <originalimage>C:\Users\oceano\Desktop\escudo\shield\pojo_escudo.jpg</originalimage>
      <image>buackup.xml_files\pojo_escudo.jpg</image>
      <size>7197</size>
      <date>2016-06-30 06-02-52</date>
      <title>Pojo</title>
      <description />
      <button />
      <buttonstyle>as-btn-blue-medium</buttonstyle>
      <buttonlink>enlacemunicipios\sliderMapas</buttonlink>
      <buttonlinktarget>_blank</buttonlinktarget>
      <link />
      <target />
      <videolist />
      <openinlightbox>False</openinlightbox>
      <setlightboxsize>False</setlightboxsize>
      <lightboxwidth>960</lightboxwidth>
      <lightboxheight>720</lightboxheight>
      <currentinlightbox>False</currentinlightbox>
      <settexteffect>False</settexteffect>
      <texteffect />
      <setduration>False</setduration>
      <duration>5000</duration>
    </slide>
    <slide>
      <type>0</type>
      <originalimage>C:\Users\oceano\Desktop\escudo\shield\puerto_villarroel_escudo.jpg</originalimage>
      <image>buackup.xml_files\puerto_villarroel_escudo.jpg</image>
      <size>6843</size>
      <date>2016-06-30 06-04-00</date>
      <title>Puero Villaroel</title>
      <description />
      <button />
      <buttonstyle>as-btn-blue-medium</buttonstyle>
      <buttonlink>enlacemunicipios\sliderMapas</buttonlink>
      <buttonlinktarget>_blank</buttonlinktarget>
      <link />
      <target />
      <videolist />
      <openinlightbox>False</openinlightbox>
      <setlightboxsize>False</setlightboxsize>
      <lightboxwidth>960</lightboxwidth>
      <lightboxheight>720</lightboxheight>
      <currentinlightbox>False</currentinlightbox>
      <settexteffect>False</settexteffect>
      <texteffect />
      <setduration>False</setduration>
      <duration>5000</duration>
    </slide>
    <slide>
      <type>0</type>
      <originalimage>C:\Users\oceano\Desktop\escudo\shield\punata_escudo.jpg</originalimage>
      <image>buackup.xml_files\punata_escudo.jpg</image>
      <size>7978</size>
      <date>2016-06-30 06-08-02</date>
      <title>Punata</title>
      <description />
      <button />
      <buttonstyle>as-btn-blue-medium</buttonstyle>
      <buttonlink>enlacemunicipios\sliderMapas</buttonlink>
      <buttonlinktarget>_blank</buttonlinktarget>
      <link />
      <target />
      <videolist />
      <openinlightbox>False</openinlightbox>
      <setlightboxsize>False</setlightboxsize>
      <lightboxwidth>960</lightboxwidth>
      <lightboxheight>720</lightboxheight>
      <currentinlightbox>False</currentinlightbox>
      <settexteffect>False</settexteffect>
      <texteffect />
      <setduration>False</setduration>
      <duration>5000</duration>
    </slide>
    <slide>
      <type>0</type>
      <originalimage>C:\Users\oceano\Desktop\escudo\shield\quillacollo_escudo.jpg</originalimage>
      <image>buackup.xml_files\quillacollo_escudo.jpg</image>
      <size>9812</size>
      <date>2016-06-30 06-12-20</date>
      <title>Quillacollo</title>
      <description />
      <button />
      <buttonstyle>as-btn-blue-medium</buttonstyle>
      <buttonlink>enlacemunicipios\sliderMapas</buttonlink>
      <buttonlinktarget>_blank</buttonlinktarget>
      <link />
      <target />
      <videolist />
      <openinlightbox>False</openinlightbox>
      <setlightboxsize>False</setlightboxsize>
      <lightboxwidth>960</lightboxwidth>
      <lightboxheight>720</lightboxheight>
      <currentinlightbox>False</currentinlightbox>
      <settexteffect>False</settexteffect>
      <texteffect />
      <setduration>False</setduration>
      <duration>5000</duration>
    </slide>
    <slide>
      <type>0</type>
      <originalimage>C:\Users\oceano\Desktop\escudo\shield\sacaba_escudo.jpg</originalimage>
      <image>buackup.xml_files\sacaba_escudo.jpg</image>
      <size>6507</size>
      <date>2017-03-20 21-39-08</date>
      <title>Sacaba</title>
      <description />
      <button />
      <buttonstyle>as-btn-blue-medium</buttonstyle>
      <buttonlink>enlacemunicipios\sliderMapas</buttonlink>
      <buttonlinktarget>_blank</buttonlinktarget>
      <link />
      <target />
      <videolist />
      <openinlightbox>False</openinlightbox>
      <setlightboxsize>False</setlightboxsize>
      <lightboxwidth>960</lightboxwidth>
      <lightboxheight>720</lightboxheight>
      <currentinlightbox>False</currentinlightbox>
      <settexteffect>False</settexteffect>
      <texteffect />
      <setduration>False</setduration>
      <duration>5000</duration>
    </slide>
    <slide>
      <type>0</type>
      <originalimage>C:\Users\oceano\Desktop\escudo\shield\sacabamba_escudo.jpg</originalimage>
      <image>buackup.xml_files\sacabamba_escudo.jpg</image>
      <size>8877</size>
      <date>2017-03-20 21-39-18</date>
      <title>Sacabamba</title>
      <description />
      <button />
      <buttonstyle>as-btn-blue-medium</buttonstyle>
      <buttonlink>enlacemunicipios\sliderMapas</buttonlink>
      <buttonlinktarget>_blank</buttonlinktarget>
      <link />
      <target />
      <videolist />
      <openinlightbox>False</openinlightbox>
      <setlightboxsize>False</setlightboxsize>
      <lightboxwidth>960</lightboxwidth>
      <lightboxheight>720</lightboxheight>
      <currentinlightbox>False</currentinlightbox>
      <settexteffect>False</settexteffect>
      <texteffect />
      <setduration>False</setduration>
      <duration>5000</duration>
    </slide>
    <slide>
      <type>0</type>
      <originalimage>C:\Users\oceano\Desktop\escudo\shield\sanbenito_escudo.jpg</originalimage>
      <image>buackup.xml_files\sanbenito_escudo.jpg</image>
      <size>9380</size>
      <date>2017-03-13 21-40-09</date>
      <title>San Benito</title>
      <description />
      <button />
      <buttonstyle>as-btn-blue-medium</buttonstyle>
      <buttonlink>enlacemunicipios\sliderMapas</buttonlink>
      <buttonlinktarget>_blank</buttonlinktarget>
      <link />
      <target />
      <videolist />
      <openinlightbox>False</openinlightbox>
      <setlightboxsize>False</setlightboxsize>
      <lightboxwidth>960</lightboxwidth>
      <lightboxheight>720</lightboxheight>
      <currentinlightbox>False</currentinlightbox>
      <settexteffect>False</settexteffect>
      <texteffect />
      <setduration>False</setduration>
      <duration>5000</duration>
    </slide>
    <slide>
      <type>0</type>
      <originalimage>C:\Users\oceano\Desktop\escudo\shield\santivanez_escudo.jpg</originalimage>
      <image>buackup.xml_files\santivanez_escudo.jpg</image>
      <size>8298</size>
      <date>2016-10-26 22-41-13</date>
      <title>Santiva&#241;es</title>
      <description />
      <button />
      <buttonstyle>as-btn-blue-medium</buttonstyle>
      <buttonlink>enlacemunicipios\sliderMapas</buttonlink>
      <buttonlinktarget>_blank</buttonlinktarget>
      <link />
      <target />
      <videolist />
      <openinlightbox>False</openinlightbox>
      <setlightboxsize>False</setlightboxsize>
      <lightboxwidth>960</lightboxwidth>
      <lightboxheight>720</lightboxheight>
      <currentinlightbox>False</currentinlightbox>
      <settexteffect>False</settexteffect>
      <texteffect />
      <setduration>False</setduration>
      <duration>5000</duration>
    </slide>
    <slide>
      <type>0</type>
      <originalimage>C:\Users\oceano\Desktop\escudo\shield\shinahota_escudo.jpg</originalimage>
      <image>buackup.xml_files\shinahota_escudo.jpg</image>
      <size>9250</size>
      <date>2016-06-30 06-22-18</date>
      <title>Shinaota</title>
      <description />
      <button />
      <buttonstyle>as-btn-blue-medium</buttonstyle>
      <buttonlink>enlacemunicipios\sliderMapas</buttonlink>
      <buttonlinktarget>_blank</buttonlinktarget>
      <link />
      <target />
      <videolist />
      <openinlightbox>False</openinlightbox>
      <setlightboxsize>False</setlightboxsize>
      <lightboxwidth>960</lightboxwidth>
      <lightboxheight>720</lightboxheight>
      <currentinlightbox>False</currentinlightbox>
      <settexteffect>False</settexteffect>
      <texteffect />
      <setduration>False</setduration>
      <duration>5000</duration>
    </slide>
    <slide>
      <type>0</type>
      <originalimage>C:\Users\oceano\Desktop\escudo\shield\sicaya_escudo.jpg</originalimage>
      <image>buackup.xml_files\sicaya_escudo.jpg</image>
      <size>8549</size>
      <date>2016-06-30 06-24-48</date>
      <title>Sicaya</title>
      <description />
      <button />
      <buttonstyle>as-btn-blue-medium</buttonstyle>
      <buttonlink>enlacemunicipios\sliderMapas</buttonlink>
      <buttonlinktarget>_blank</buttonlinktarget>
      <link />
      <target />
      <videolist />
      <openinlightbox>False</openinlightbox>
      <setlightboxsize>False</setlightboxsize>
      <lightboxwidth>960</lightboxwidth>
      <lightboxheight>720</lightboxheight>
      <currentinlightbox>False</currentinlightbox>
      <settexteffect>False</settexteffect>
      <texteffect />
      <setduration>False</setduration>
      <duration>5000</duration>
    </slide>
    <slide>
      <type>0</type>
      <originalimage>C:\Users\oceano\Desktop\escudo\shield\sipesipe_escudo.jpg</originalimage>
      <image>buackup.xml_files\sipesipe_escudo.jpg</image>
      <size>10464</size>
      <date>2016-06-30 06-25-56</date>
      <title>Sipe Sipe</title>
      <description />
      <button />
      <buttonstyle>as-btn-blue-medium</buttonstyle>
      <buttonlink>enlacemunicipios\sliderMapas</buttonlink>
      <buttonlinktarget>_blank</buttonlinktarget>
      <link />
      <target />
      <videolist />
      <openinlightbox>False</openinlightbox>
      <setlightboxsize>False</setlightboxsize>
      <lightboxwidth>960</lightboxwidth>
      <lightboxheight>720</lightboxheight>
      <currentinlightbox>False</currentinlightbox>
      <settexteffect>False</settexteffect>
      <texteffect />
      <setduration>False</setduration>
      <duration>5000</duration>
    </slide>
    <slide>
      <type>0</type>
      <originalimage>C:\Users\oceano\Desktop\escudo\shield\tacachi_escudo.jpg</originalimage>
      <image>buackup.xml_files\tacachi_escudo.jpg</image>
      <size>7520</size>
      <date>2016-06-30 06-29-12</date>
      <title>Tacachi</title>
      <description />
      <button />
      <buttonstyle>as-btn-blue-medium</buttonstyle>
      <buttonlink>enlacemunicipios\sliderMapas</buttonlink>
      <buttonlinktarget>_blank</buttonlinktarget>
      <link />
      <target />
      <videolist />
      <openinlightbox>False</openinlightbox>
      <setlightboxsize>False</setlightboxsize>
      <lightboxwidth>960</lightboxwidth>
      <lightboxheight>720</lightboxheight>
      <currentinlightbox>False</currentinlightbox>
      <settexteffect>False</settexteffect>
      <texteffect />
      <setduration>False</setduration>
      <duration>5000</duration>
    </slide>
    <slide>
      <type>0</type>
      <originalimage>C:\Users\oceano\Desktop\escudo\shield\tacopaya_escudo.jpg</originalimage>
      <image>buackup.xml_files\tacopaya_escudo.jpg</image>
      <size>11076</size>
      <date>2017-03-13 21-40-16</date>
      <title>Tacopaya</title>
      <description />
      <button />
      <buttonstyle>as-btn-blue-medium</buttonstyle>
      <buttonlink>enlacemunicipios\sliderMapas</buttonlink>
      <buttonlinktarget>_blank</buttonlinktarget>
      <link />
      <target />
      <videolist />
      <openinlightbox>False</openinlightbox>
      <setlightboxsize>False</setlightboxsize>
      <lightboxwidth>960</lightboxwidth>
      <lightboxheight>720</lightboxheight>
      <currentinlightbox>False</currentinlightbox>
      <settexteffect>False</settexteffect>
      <texteffect />
      <setduration>False</setduration>
      <duration>5000</duration>
    </slide>
    <slide>
      <type>0</type>
      <originalimage>C:\Users\oceano\Desktop\escudo\shield\tapacari_escudo.jpg</originalimage>
      <image>buackup.xml_files\tapacari_escudo.jpg</image>
      <size>8521</size>
      <date>2016-06-30 06-32-38</date>
      <title>Tapacari</title>
      <description />
      <button />
      <buttonstyle>as-btn-blue-medium</buttonstyle>
      <buttonlink>enlacemunicipios\sliderMapas</buttonlink>
      <buttonlinktarget>_blank</buttonlinktarget>
      <link />
      <target />
      <videolist />
      <openinlightbox>False</openinlightbox>
      <setlightboxsize>False</setlightboxsize>
      <lightboxwidth>960</lightboxwidth>
      <lightboxheight>720</lightboxheight>
      <currentinlightbox>False</currentinlightbox>
      <settexteffect>False</settexteffect>
      <texteffect />
      <setduration>False</setduration>
      <duration>5000</duration>
    </slide>
    <slide>
      <type>0</type>
      <originalimage>C:\Users\oceano\Desktop\escudo\shield\tarata_escudo.jpg</originalimage>
      <image>buackup.xml_files\tarata_escudo.jpg</image>
      <size>7048</size>
      <date>2016-06-30 06-33-58</date>
      <title>Tarata</title>
      <description />
      <button />
      <buttonstyle>as-btn-blue-medium</buttonstyle>
      <buttonlink>enlacemunicipios\sliderMapas</buttonlink>
      <buttonlinktarget>_blank</buttonlinktarget>
      <link />
      <target />
      <videolist />
      <openinlightbox>False</openinlightbox>
      <setlightboxsize>False</setlightboxsize>
      <lightboxwidth>960</lightboxwidth>
      <lightboxheight>720</lightboxheight>
      <currentinlightbox>False</currentinlightbox>
      <settexteffect>False</settexteffect>
      <texteffect />
      <setduration>False</setduration>
      <duration>5000</duration>
    </slide>
    <slide>
      <type>0</type>
      <originalimage>C:\Users\oceano\Desktop\escudo\shield\tiquipaya_escudo.jpg</originalimage>
      <image>buackup.xml_files\tiquipaya_escudo.jpg</image>
      <size>9284</size>
      <date>2016-06-30 06-34-40</date>
      <title>Tiquipaya</title>
      <description />
      <button />
      <buttonstyle>as-btn-blue-medium</buttonstyle>
      <buttonlink>enlacemunicipios\sliderMapas</buttonlink>
      <buttonlinktarget>_blank</buttonlinktarget>
      <link />
      <target />
      <videolist />
      <openinlightbox>False</openinlightbox>
      <setlightboxsize>False</setlightboxsize>
      <lightboxwidth>960</lightboxwidth>
      <lightboxheight>720</lightboxheight>
      <currentinlightbox>False</currentinlightbox>
      <settexteffect>False</settexteffect>
      <texteffect />
      <setduration>False</setduration>
      <duration>5000</duration>
    </slide>
    <slide>
      <type>0</type>
      <originalimage>C:\Users\oceano\Desktop\escudo\shield\tiraque_escudo.jpg</originalimage>
      <image>buackup.xml_files\tiraque_escudo.jpg</image>
      <size>7023</size>
      <date>2016-06-30 06-35-34</date>
      <title>Tiraque</title>
      <description />
      <button />
      <buttonstyle>as-btn-blue-medium</buttonstyle>
      <buttonlink>enlacemunicipios\sliderMapas</buttonlink>
      <buttonlinktarget>_blank</buttonlinktarget>
      <link />
      <target />
      <videolist />
      <openinlightbox>False</openinlightbox>
      <setlightboxsize>False</setlightboxsize>
      <lightboxwidth>960</lightboxwidth>
      <lightboxheight>720</lightboxheight>
      <currentinlightbox>False</currentinlightbox>
      <settexteffect>False</settexteffect>
      <texteffect />
      <setduration>False</setduration>
      <duration>5000</duration>
    </slide>
    <slide>
      <type>0</type>
      <originalimage>C:\Users\oceano\Desktop\escudo\shield\toco_escudo.jpg</originalimage>
      <image>buackup.xml_files\toco_escudo.jpg</image>
      <size>6560</size>
      <date>2016-06-30 06-44-40</date>
      <title>Toco</title>
      <description />
      <button />
      <buttonstyle>as-btn-blue-medium</buttonstyle>
      <buttonlink>enlacemunicipios\sliderMapas</buttonlink>
      <buttonlinktarget>_blank</buttonlinktarget>
      <link />
      <target />
      <videolist />
      <openinlightbox>False</openinlightbox>
      <setlightboxsize>False</setlightboxsize>
      <lightboxwidth>960</lightboxwidth>
      <lightboxheight>720</lightboxheight>
      <currentinlightbox>False</currentinlightbox>
      <settexteffect>False</settexteffect>
      <texteffect />
      <setduration>False</setduration>
      <duration>5000</duration>
    </slide>
    <slide>
      <type>0</type>
      <originalimage>C:\Users\oceano\Desktop\escudo\shield\tolata_escudo.jpg</originalimage>
      <image>buackup.xml_files\tolata_escudo.jpg</image>
      <size>6925</size>
      <date>2016-06-30 06-47-42</date>
      <title>Tolata</title>
      <description />
      <button />
      <buttonstyle>as-btn-blue-medium</buttonstyle>
      <buttonlink>enlacemunicipios\sliderMapas</buttonlink>
      <buttonlinktarget>_blank</buttonlinktarget>
      <link />
      <target />
      <videolist />
      <openinlightbox>False</openinlightbox>
      <setlightboxsize>False</setlightboxsize>
      <lightboxwidth>960</lightboxwidth>
      <lightboxheight>720</lightboxheight>
      <currentinlightbox>False</currentinlightbox>
      <settexteffect>False</settexteffect>
      <texteffect />
      <setduration>False</setduration>
      <duration>5000</duration>
    </slide>
    <slide>
      <type>0</type>
      <originalimage>C:\Users\oceano\Desktop\escudo\shield\totora_escudo.jpg</originalimage>
      <image>buackup.xml_files\totora_escudo.jpg</image>
      <size>8724</size>
      <date>2016-06-30 06-48-40</date>
      <title>Totora</title>
      <description />
      <button />
      <buttonstyle>as-btn-blue-medium</buttonstyle>
      <buttonlink>enlacemunicipios\sliderMapas</buttonlink>
      <buttonlinktarget>_blank</buttonlinktarget>
      <link />
      <target />
      <videolist />
      <openinlightbox>False</openinlightbox>
      <setlightboxsize>False</setlightboxsize>
      <lightboxwidth>960</lightboxwidth>
      <lightboxheight>720</lightboxheight>
      <currentinlightbox>False</currentinlightbox>
      <settexteffect>False</settexteffect>
      <texteffect />
      <setduration>False</setduration>
      <duration>5000</duration>
    </slide>
    <slide>
      <type>0</type>
      <originalimage>C:\Users\oceano\Desktop\escudo\shield\vacas_escudo.jpg</originalimage>
      <image>buackup.xml_files\vacas_escudo.jpg</image>
      <size>7589</size>
      <date>2016-06-30 06-49-42</date>
      <title>Vacas</title>
      <description />
      <button />
      <buttonstyle>as-btn-blue-medium</buttonstyle>
      <buttonlink>enlacemunicipios\sliderMapas</buttonlink>
      <buttonlinktarget>_blank</buttonlinktarget>
      <link />
      <target />
      <videolist />
      <openinlightbox>False</openinlightbox>
      <setlightboxsize>False</setlightboxsize>
      <lightboxwidth>960</lightboxwidth>
      <lightboxheight>720</lightboxheight>
      <currentinlightbox>False</currentinlightbox>
      <settexteffect>False</settexteffect>
      <texteffect />
      <setduration>False</setduration>
      <duration>5000</duration>
    </slide>
    <slide>
      <type>0</type>
      <originalimage>C:\Users\oceano\Desktop\escudo\shield\vilavila_escudo.jpg</originalimage>
      <image>buackup.xml_files\vilavila_escudo.jpg</image>
      <size>11991</size>
      <date>2017-03-13 21-40-22</date>
      <title>Vila Vila</title>
      <description />
      <button />
      <buttonstyle>as-btn-blue-medium</buttonstyle>
      <buttonlink>enlacemunicipios\sliderMapas</buttonlink>
      <buttonlinktarget>_blank</buttonlinktarget>
      <link />
      <target />
      <videolist />
      <openinlightbox>False</openinlightbox>
      <setlightboxsize>False</setlightboxsize>
      <lightboxwidth>960</lightboxwidth>
      <lightboxheight>720</lightboxheight>
      <currentinlightbox>False</currentinlightbox>
      <settexteffect>False</settexteffect>
      <texteffect />
      <setduration>False</setduration>
      <duration>5000</duration>
    </slide>
    <slide>
      <type>0</type>
      <originalimage>C:\Users\oceano\Desktop\escudo\shield\villa_g_villarroel_escudo.jpg</originalimage>
      <image>buackup.xml_files\villa_g_villarroel_escudo.jpg</image>
      <size>7637</size>
      <date>2016-06-30 06-54-34</date>
      <title>Villa G Villaroel</title>
      <description />
      <button />
      <buttonstyle>as-btn-blue-medium</buttonstyle>
      <buttonlink>enlacemunicipios\sliderMapas</buttonlink>
      <buttonlinktarget>_blank</buttonlinktarget>
      <link />
      <target />
      <videolist />
      <openinlightbox>False</openinlightbox>
      <setlightboxsize>False</setlightboxsize>
      <lightboxwidth>960</lightboxwidth>
      <lightboxheight>720</lightboxheight>
      <currentinlightbox>False</currentinlightbox>
      <settexteffect>False</settexteffect>
      <texteffect />
      <setduration>False</setduration>
      <duration>5000</duration>
    </slide>
    <slide>
      <type>0</type>
      <originalimage>C:\Users\oceano\Desktop\escudo\shield\villa_rivero_escudo.jpg</originalimage>
      <image>buackup.xml_files\villa_rivero_escudo.jpg</image>
      <size>9554</size>
      <date>2016-10-26 22-35-58</date>
      <title>Villa Rivero</title>
      <description />
      <button />
      <buttonstyle>as-btn-blue-medium</buttonstyle>
      <buttonlink>enlacemunicipios\sliderMapas</buttonlink>
      <buttonlinktarget>_blank</buttonlinktarget>
      <link />
      <target />
      <videolist />
      <openinlightbox>False</openinlightbox>
      <setlightboxsize>False</setlightboxsize>
      <lightboxwidth>960</lightboxwidth>
      <lightboxheight>720</lightboxheight>
      <currentinlightbox>False</currentinlightbox>
      <settexteffect>False</settexteffect>
      <texteffect />
      <setduration>False</setduration>
      <duration>5000</duration>
    </slide>
    <slide>
      <type>0</type>
      <originalimage>C:\Users\oceano\Desktop\escudo\shield\villa_tunari_escudo.jpg</originalimage>
      <image>buackup.xml_files\villa_tunari_escudo.jpg</image>
      <size>8281</size>
      <date>2016-06-30 07-00-58</date>
      <title>Villa Tunari</title>
      <description />
      <button />
      <buttonstyle>as-btn-blue-medium</buttonstyle>
      <buttonlink>enlacemunicipios\sliderMapas</buttonlink>
      <buttonlinktarget>_blank</buttonlinktarget>
      <link />
      <target />
      <videolist />
      <openinlightbox>False</openinlightbox>
      <setlightboxsize>False</setlightboxsize>
      <lightboxwidth>960</lightboxwidth>
      <lightboxheight>720</lightboxheight>
      <currentinlightbox>False</currentinlightbox>
      <settexteffect>False</settexteffect>
      <texteffect />
      <setduration>False</setduration>
      <duration>5000</duration>
    </slide>
    <slide>
      <type>0</type>
      <originalimage>C:\Users\oceano\Desktop\escudo\shield\vinto_escudo.jpg</originalimage>
      <image>buackup.xml_files\vinto_escudo.jpg</image>
      <size>7703</size>
      <date>2016-06-30 07-01-36</date>
      <title>Vinto</title>
      <description />
      <button />
      <buttonstyle>as-btn-blue-medium</buttonstyle>
      <buttonlink>enlacemunicipios\sliderMapas</buttonlink>
      <buttonlinktarget>_blank</buttonlinktarget>
      <link />
      <target />
      <videolist />
      <openinlightbox>False</openinlightbox>
      <setlightboxsize>False</setlightboxsize>
      <lightboxwidth>960</lightboxwidth>
      <lightboxheight>720</lightboxheight>
      <currentinlightbox>False</currentinlightbox>
      <settexteffect>False</settexteffect>
      <texteffect />
      <setduration>False</setduration>
      <duration>5000</duration>
    </slide>
  </slidelist>
  <transitions>
    <fade>
      <duration>1000</duration>
      <easing>easeOutCubic</easing>
      <checked>True</checked>
    </fade>
    <crossfade>
      <duration>1000</duration>
      <easing>easeOutCubic</easing>
      <checked>True</checked>
    </crossfade>
    <slide>
      <duration>1000</duration>
      <easing>easeOutCubic</easing>
      <checked>True</checked>
      <effectdirection>0</effectdirection>
    </slide>
    <cssslide>
      <duration>1000</duration>
      <easing>ease</easing>
      <checked>True</checked>
      <effectdirection>0</effectdirection>
    </cssslide>
    <elastic>
      <duration>1000</duration>
      <easing>easeOutElastic</easing>
      <checked>True</checked>
      <effectdirection>0</effectdirection>
    </elastic>
    <tiles>
      <duration>2000</duration>
      <checked>True</checked>
    </tiles>
    <kenburns>
      <duration>5000</duration>
      <checked>True</checked>
    </kenburns>
    <flip>
      <duration>1500</duration>
      <checked>True</checked>
    </flip>
    <flipwithzoom>
      <duration>2000</duration>
      <checked>True</checked>
    </flipwithzoom>
    <threedwithzoom>
      <duration>2500</duration>
      <fallback>flip</fallback>
      <checked>True</checked>
    </threedwithzoom>
    <threedhorizontalwithzoom>
      <duration>2200</duration>
      <fallback>flipwithzoom</fallback>
      <checked>True</checked>
    </threedhorizontalwithzoom>
    <threedflip>
      <duration>1500</duration>
      <fallback>flip</fallback>
      <checked>True</checked>
    </threedflip>
    <threedflipwithzoom>
      <duration>2000</duration>
      <fallback>flipwithzoom</fallback>
      <checked>True</checked>
    </threedflipwithzoom>
    <threedtiles>
      <duration>2000</duration>
      <fallback>tiles</fallback>
      <checked>False</checked>
    </threedtiles>
    <slice>
      <checked>True</checked>
      <effectdirection>0</effectdirection>
      <effects>up,down,updown</effects>
      <slicecount>10</slicecount>
      <duration>1500</duration>
      <easing>easeOutCubic</easing>
    </slice>
    <blinds>
      <duration>2000</duration>
      <easing>easeOutCubic</easing>
      <checked>True</checked>
      <effectdirection>0</effectdirection>
      <slicecount>3</slicecount>
    </blinds>
    <threed>
      <checked>True</checked>
      <effectdirection>0</effectdirection>
      <bgcolor>#222222</bgcolor>
      <perspective>1000</perspective>
      <slicecount>5</slicecount>
      <duration>1500</duration>
      <easing>easeOutCubic</easing>
      <fallback>slice</fallback>
      <scatter>5</scatter>
      <perspectiveorigin>right</perspectiveorigin>
    </threed>
    <threedhorizontal>
      <checked>True</checked>
      <effectdirection>0</effectdirection>
      <bgcolor>#222222</bgcolor>
      <perspective>1000</perspective>
      <slicecount>1</slicecount>
      <duration>1500</duration>
      <easing>easeOutCubic</easing>
      <fallback>slice</fallback>
      <scatter>5</scatter>
      <perspectiveorigin>bottom</perspectiveorigin>
    </threedhorizontal>
    <blocks>
      <columncount>5</columncount>
      <checked>True</checked>
      <rowcount>5</rowcount>
      <effects>topleft,bottomright,top,bottom,random</effects>
      <duration>1500</duration>
      <easing>easeOutCubic</easing>
    </blocks>
    <shuffle>
      <duration>1500</duration>
      <easing>easeOutCubic</easing>
      <columncount>5</columncount>
      <checked>True</checked>
      <rowcount>5</rowcount>
    </shuffle>
  </transitions>
  <slider>
    <loadimageondemand>False</loadimageondemand>
    <videohidecontrols>False</videohidecontrols>
    <donotresize>False</donotresize>
    <enabletouchswipe>True</enabletouchswipe>
    <fullscreen>False</fullscreen>
    <autoplayvideo>False</autoplayvideo>
    <addmargin>True</addmargin>
    <transitiononfirstslide>False</transitiononfirstslide>
    <forceflash>False</forceflash>
    <isresponsive>True</isresponsive>
    <forceflashonie11>True</forceflashonie11>
    <forceflashonie10>True</forceflashonie10>
    <pauseonmouseover>False</pauseonmouseover>
    <playvideoonclickthumb>True</playvideoonclickthumb>
    <slideinterval>5000</slideinterval>
    <fullwidth>False</fullwidth>
    <randomplay>False</randomplay>
    <scalemode>fill</scalemode>
    <loop>0</loop>
    <autoplay>True</autoplay>
  </slider>
  <skin>
    <navplayvideoimage>play-32-32-0.png</navplayvideoimage>
    <navpreviewheight>60</navpreviewheight>
    <timerheight>2</timerheight>
    <descriptioncssresponsive>font-size:12px;</descriptioncssresponsive>
    <shownumbering>False</shownumbering>
    <navthumbresponsivemode>samesize</navthumbresponsivemode>
    <skin>RightTabs</skin>
    <textautohide>True</textautohide>
    <lightboxshowtwitter>True</lightboxshowtwitter>
    <addgooglefonts>True</addgooglefonts>
    <navshowplaypause>False</navshowplaypause>
    <initsocial>False</initsocial>
    <navshowplayvideo>True</navshowplayvideo>
    <navshowplaypausestandalonemarginx>8</navshowplaypausestandalonemarginx>
    <navshowplaypausestandalonemarginy>8</navshowplaypausestandalonemarginy>
    <navbuttonradius>0</navbuttonradius>
    <navthumbcolumn>5</navthumbcolumn>
    <navthumbnavigationarrowimageheight>32</navthumbnavigationarrowimageheight>
    <navradius>0</navradius>
    <navthumbsmallcolumn>3</navthumbsmallcolumn>
    <lightboxshownavigation>False</lightboxshownavigation>
    <showshadow>True</showshadow>
    <navfeaturedarrowimagewidth>8</navfeaturedarrowimagewidth>
    <lightboxshowsocial>False</lightboxshowsocial>
    <navpreviewwidth>120</navpreviewwidth>
    <googlefonts>Inder</googlefonts>
    <navborderhighlightcolor>#5AB7DE</navborderhighlightcolor>
    <navcolor>#999999</navcolor>
    <lightboxdescriptionbottomcss>{color:#333; font-size:12px; font-family:Arial,Helvetica,sans-serif; overflow:hidden; text-align:left; margin:4px 0px 0px; padding: 0px;}</lightboxdescriptionbottomcss>
    <lightboxthumbwidth>80</lightboxthumbwidth>
    <navthumbnavigationarrowimagewidth>32</navthumbnavigationarrowimagewidth>
    <navthumbtitlehovercss />
    <navthumbmediumheight>64</navthumbmediumheight>
    <texteffectresponsivesize>600</texteffectresponsivesize>
    <arrowwidth>32</arrowwidth>
    <texteffecteasing>easeOutCubic</texteffecteasing>
    <texteffect>slide</texteffect>
    <lightboxthumbheight>60</lightboxthumbheight>
    <navspacing>5</navspacing>
    <navarrowimage>navarrows-28-28-0.png</navarrowimage>
    <ribbonimage>ribbon_topleft-0.png</ribbonimage>
    <navwidth>80</navwidth>
    <navheight>68</navheight>
    <arrowimage>arrows-32-32-1.png</arrowimage>
    <timeropacity>0.6</timeropacity>
    <titlecssresponsive>font-size:12px;</titlecssresponsive>
    <navthumbnavigationarrowimage>carouselarrows-32-32-1.png</navthumbnavigationarrowimage>
    <navshowplaypausestandalone>False</navshowplaypausestandalone>
    <texteffect1>slide</texteffect1>
    <navpreviewbordercolor>#ffffff</navpreviewbordercolor>
    <texteffect2>slide</texteffect2>
    <customcss />
    <ribbonposition>topleft</ribbonposition>
    <navthumbdescriptioncss>display:block;position:relative;padding:2px 4px;text-align:left;font:normal 11px Arial,Helvetica,sans-serif;color:#333;</navthumbdescriptioncss>
    <lightboxtitlebottomcss>{color:#333; font-size:14px; font-family:Armata,sans-serif,Arial; overflow:hidden; text-align:left;}</lightboxtitlebottomcss>
    <arrowstyle>mouseover</arrowstyle>
    <navthumbmediumsize>800</navthumbmediumsize>
    <navthumbtitleheight>18</navthumbtitleheight>
    <navpreviewarrowheight>8</navpreviewarrowheight>
    <textpositionmargintop>24</textpositionmargintop>
    <navshowbuttons>True</navshowbuttons>
    <buttoncssresponsive />
    <texteffectdelay>500</texteffectdelay>
    <navswitchonmouseover>False</navswitchonmouseover>
    <playvideoimage>playvideo-64-64-1.png</playvideoimage>
    <arrowtop>50</arrowtop>
    <textstyle>static</textstyle>
    <playvideoimageheight>64</playvideoimageheight>
    <navfonthighlightcolor>#666666</navfonthighlightcolor>
    <showbackgroundimage>False</showbackgroundimage>
    <showpinterest>True</showpinterest>
    <navpreviewborder>4</navpreviewborder>
    <navshowplaypausestandaloneheight>28</navshowplaypausestandaloneheight>
    <navdirection>vertical</navdirection>
    <navbuttonshowbgimage>True</navbuttonshowbgimage>
    <navbuttonbgimage>navbuttonbgimage-28-28-0.png</navbuttonbgimage>
    <textbgcss>display:block; position:absolute; top:0px; left:0px; width:100%; height:100%; background-color:#333333; opacity:0.6; filter:alpha(opacity=60);</textbgcss>
    <playvideoimagewidth>64</playvideoimagewidth>
    <buttoncss>display:block; position:relative; margin-top:8px;</buttoncss>
    <navborder>4</navborder>
    <navshowpreviewontouch>False</navshowpreviewontouch>
    <bottomshadowimagewidth>110</bottomshadowimagewidth>
    <showtimer>True</showtimer>
    <navmultirows>False</navmultirows>
    <navshowpreview>False</navshowpreview>
    <navmarginy>16</navmarginy>
    <navmarginx>16</navmarginx>
    <navfeaturedarrowimage>featuredarrow-8-16-2.png</navfeaturedarrowimage>
    <texteffectslidedirection1>right</texteffectslidedirection1>
    <showribbon>False</showribbon>
    <navstyle>thumbnails</navstyle>
    <textpositionmarginleft>24</textpositionmarginleft>
    <descriptioncss>display:block; position:relative; font:12px "Lucida Sans Unicode","Lucida Grande",sans-serif,Arial; color:#fff; margin-top:8px;</descriptioncss>
    <navplaypauseimage>navplaypause-28-28-0.png</navplaypauseimage>
    <backgroundimagetop>-10</backgroundimagetop>
    <timercolor>#ffffff</timercolor>
    <numberingformat>%NUM/%TOTAL </numberingformat>
    <navthumbmediumwidth>64</navthumbmediumwidth>
    <navfontsize>12</navfontsize>
    <navhighlightcolor>#333333</navhighlightcolor>
    <texteffectdelay1>1000</texteffectdelay1>
    <navimage>bullet-24-24-5.png</navimage>
    <texteffectdelay2>1500</texteffectdelay2>
    <texteffectduration1>600</texteffectduration1>
    <navshowplaypausestandaloneautohide>False</navshowplaypausestandaloneautohide>
    <texteffectduration2>600</texteffectduration2>
    <navbuttoncolor>#999999</navbuttoncolor>
    <navshowarrow>False</navshowarrow>
    <texteffectslidedirection>left</texteffectslidedirection>
    <navshowfeaturedarrow>True</navshowfeaturedarrow>
    <lightboxbarheight>64</lightboxbarheight>
    <showfacebook>True</showfacebook>
    <titlecss>display:block; position:relative; font:bold 14px "Lucida Sans Unicode","Lucida Grande",sans-serif,Arial; color:#fff;</titlecss>
    <ribbonimagey>0</ribbonimagey>
    <ribbonimagex>0</ribbonimagex>
    <texteffectresponsive>True</texteffectresponsive>
    <navthumbsmallheight>48</navthumbsmallheight>
    <texteffectslidedistance1>120</texteffectslidedistance1>
    <texteffectslidedistance2>120</texteffectslidedistance2>
    <navrowspacing>8</navrowspacing>
    <navshowplaypausestandaloneposition>bottomright</navshowplaypausestandaloneposition>
    <lightboxshowpinterest>True</lightboxshowpinterest>
    <lightboxthumbbottommargin>8</lightboxthumbbottommargin>
    <lightboxthumbtopmargin>12</lightboxthumbtopmargin>
    <arrowhideonmouseleave>0</arrowhideonmouseleave>
    <navshowplaypausestandalonewidth>28</navshowplaypausestandalonewidth>
    <showsocial>False</showsocial>
    <navthumbresponsive>False</navthumbresponsive>
    <navfeaturedarrowimageheight>16</navfeaturedarrowimageheight>
    <navopacity>1.0</navopacity>
    <textpositionmarginright>24</textpositionmarginright>
    <backgroundimagewidth>120</backgroundimagewidth>
    <bordercolor>#434547</bordercolor>
    <border>5</border>
    <navthumbtitlewidth>150</navthumbtitlewidth>
    <navpreviewposition>top</navpreviewposition>
    <texteffectseparate>False</texteffectseparate>
    <arrowheight>33</arrowheight>
    <arrowmargin>8</arrowmargin>
    <texteffectduration>600</texteffectduration>
    <bottomshadowimage>bottomshadow-110-95-3.png</bottomshadowimage>
    <advancedoptions />
    <lightboxshowfacebook>True</lightboxshowfacebook>
    <lightboxshowdescription>False</lightboxshowdescription>
    <timerposition>bottom</timerposition>
    <navfontcolor>#333333</navfontcolor>
    <navthumbnavigationstyle>arrowinside</navthumbnavigationstyle>
    <borderradius>0</borderradius>
    <navbuttonhighlightcolor>#333333</navbuttonhighlightcolor>
    <textpositionstatic>bottom</textpositionstatic>
    <texteffecteasing2>easeOutCubic</texteffecteasing2>
    <navthumbstyle>imageandtitledescription</navthumbstyle>
    <texteffecteasing1>easeOutCubic</texteffecteasing1>
    <textcss>display:block; padding:12px; text-align:left;</textcss>
    <navthumbsmallwidth>48</navthumbsmallwidth>
    <navbordercolor>#D6EAF8</navbordercolor>
    <navthumbmediumcolumn>4</navthumbmediumcolumn>
    <navpreviewarrowimage>previewarrow-16-8-0.png</navpreviewarrowimage>
    <showbottomshadow>True</showbottomshadow>
    <texteffectslidedistance>30</texteffectslidedistance>
    <shadowcolor>#434547</shadowcolor>
    <showtwitter>True</showtwitter>
    <textpositionmarginstatic>0</textpositionmarginstatic>
    <backgroundimage />
    <navposition>right</navposition>
    <navthumbsmallsize>480</navthumbsmallsize>
    <navpreviewarrowwidth>16</navpreviewarrowwidth>
    <textformat>Bottom bar</textformat>
    <texteffectslidedirection2>right</texteffectslidedirection2>
    <bottomshadowimagetop>95</bottomshadowimagetop>
    <textpositiondynamic>bottomleft</textpositiondynamic>
    <shadowsize>20</shadowsize>
    <navthumbtitlecss>display:block;position:relative;padding:2px 4px;text-align:left;font:bold 12px Arial,Helvetica,sans-serif;color:#333;</navthumbtitlecss>
    <textpositionmarginbottom>24</textpositionmarginbottom>
    <lightboxshowtitle>True</lightboxshowtitle>
    <socialmode>mouseover</socialmode>
  </skin>
  <publish>
    <skinsfolder />
    <absoluteurl />
    <htmlbgcolor />
    <lightboxfolder />
    <publishtype>0</publishtype>
    <htmltopmargin>0</htmltopmargin>
    <jsfolder>sliderengine</jsfolder>
    <filename>slider.html</filename>
    <thumbnailsfolder />
    <id>1</id>
    <folder>C:\Users\oceano\Desktop\ok</folder>
    <imagesfolder>images</imagesfolder>
  </publish>
</project>
